place_id,nome,endereco,latitude,longitude,telefone,horario,website,avaliacao,total_reviews,categoria,status_negocio,google_maps_url,fonte
3132b64c039e2944,Aparecida Futebol Clube,"R. de Sezões 238, Portugal",41.28905,-8.2046499,,Mostrar horário de funcionamento da semana,facebook.com,"4,3",43,Clube,Aberto · Fecha 23:00,https://www.google.com/maps/place/Aparecida+Futebol+Clube/data=!4m7!3m6!1s0xd2494be0136f421:0xccbef76cd525ba6d!8m2!3d41.28905!4d-8.2046499!16s%2Fg%2F11csqqspy1!19sChIJIfQ2Ab6UJA0Rbbol1Wz3vsw?authuser=0&hl=pt-BR&rclk=1,scraper_gmaps|clube de campo Aparecida - SP|associação desportiva classista Aparecida - SP
9e6d7fba7d581713,Umuarama Clube de Aparecida,"Av. Padroeira do Brasil, 81, Aparecida - SP, 12570-000, Brasil",-22.8363549,-45.2233676,+55 12 3105-3027,Mostrar horário de funcionamento da semana,,"4,2",42,Clube esportivo,Aberto · Fecha 22:30,https://www.google.com/maps/place/Umuarama+Clube+de+Aparecida/data=!4m7!3m6!1s0x94ccc362586152c9:0xbea8499ac8c0685f!8m2!3d-22.8363549!4d-45.2233676!16s%2Fg%2F1tqp_c3z!19sChIJyVJhWGLDzJQRX2jAyJpJqL4?authuser=0&hl=pt-BR&rclk=1,scraper_gmaps|clube de campo Aparecida - SP
1839f7cdead713e2,Aparecida Esporte Clube,"Aparecida - SP, 12570-000, Brasil",-22.8462328,-45.2351312,,Mostrar horário de funcionamento da semana,,"5,0",50,Clube de futebol,Aberto · Fecha 17:00,https://www.google.com/maps/place/Aparecida+Esporte+Clube/data=!4m7!3m6!1s0x94ccc3972129b573:0x84b6bf4a72921247!8m2!3d-22.8462328!4d-45.2351312!16s%2Fg%2F11vlp_03r0!19sChIJc7UpIZfDzJQRRxKSckq_toQ?authuser=0&hl=pt-BR&rclk=1,scraper_gmaps|clube de campo Aparecida - SP|escolinha de futebol Aparecida - SP|escola de futebol Aparecida - SP
0bda72d375b578e6,Arena Paris EW,"Rua Rachid - R. Rachide Azém, 491 - Jardim Paraíba, Aparecida - SP, 12570-000, Brasil",-22.8505802,-45.2468681,+55 12 99100-6347,,instagram.com,"5,0",50,Escola de esportes,,https://www.google.com/maps/place/Arena+Paris+EW/data=!4m7!3m6!1s0x94ccc30749535aaf:0x86249839c01a3227!8m2!3d-22.8505802!4d-45.2468681!16s%2Fg%2F11szb786d8!19sChIJr1pTSQfDzJQRJzIawDmYJIY?authuser=0&hl=pt-BR&rclk=1,scraper_gmaps|escolinha de futebol Aparecida - SP|escola de futebol Aparecida - SP
1dd05f602007d2c1,Escola de Futebol do Atlético Goianiense - Unidade Jardim Imperial,"R. da Imperatriz, N° 970 - Jardim Imperial, Aparecida de Goiânia - GO, 74914-350, Brasil",-16.7538673,-49.2635385,+55 62 98335-2100,Mostrar horário de funcionamento da semana,instagram.com,"5,0",50,Treino de futebol,Fechado · Abre às 16:00,https://www.google.com/maps/place/Escola+de+Futebol+do+Atl%C3%A9tico+Goianiense+-+Unidade+Jardim+Imperial/data=!4m7!3m6!1s0x935efb3f28b8a9e7:0x4b6b85de14b9f22e!8m2!3d-16.7538673!4d-49.2635385!16s%2Fg%2F11y3_2zkyj!19sChIJ56m4KD_7XpMRLvK5FN6Fa0s?authuser=0&hl=pt-BR&rclk=1,scraper_gmaps|escola de futebol Aparecida - SP
5dfd91f84593fcb8,EPEC - Espaço Poliesportivo Cultural de Aparecida,"Rua Maria Benedito Rocha da Silva, R. Maria Benedita Rocha da Silva, Aparecida - SP, 12570-000, Brasil",-22.827133,-45.2177912,+55 12 3105-4135,Mostrar horário de funcionamento da semana,,"4,1",41,Ginásio poliesportivo,Aberto · Fecha 18:00,https://www.google.com/maps/place/EPEC+-+Espa%C3%A7o+Poliesportivo+Cultural+de+Aparecida/data=!4m7!3m6!1s0x94ccc486f0b4ca49:0x78c7250e118882db!8m2!3d-22.827133!4d-45.2177912!16s%2Fg%2F1q5bnlmkp!19sChIJScq08IbEzJQR24KIEQ4lx3g?authuser=0&hl=pt-BR&rclk=1,scraper_gmaps|escola de futebol Aparecida - SP
abcc37a350297d53,Escolinha cristal,"Av. Amazonas, quadra 08 - lote 16 Setor - Jardim Rio Grande, Aparecida de Goiânia - GO, 74982-440, Brasil",-16.8043276,-49.2422275,+55 62 98190-7780,Mostrar horário de funcionamento da semana,instagram.com,"4,4",44,Quadra de esportes,Fechado · Abre às 17:30,https://www.google.com/maps/place/Escolinha+cristal/data=!4m7!3m6!1s0x935efb43144b9d19:0x30f560f9e6f2d07c!8m2!3d-16.8043276!4d-49.2422275!16s%2Fg%2F11fjmdwpbh!19sChIJGZ1LFEP7XpMRfNDy5vlg9TA?authuser=0&hl=pt-BR&rclk=1,scraper_gmaps|escola de futebol Aparecida - SP
63adf5ed8739183b,Estádio Vicente de Paula Penido (“Penidão”),"-163, R. Benedito Macedo, 1, Aparecida - SP, 12570-000, Brasil",-22.846703,-45.2355389,+55 12 98201-2426,,,"3,9",39,Estádio de futebol,,https://www.google.com/maps/place/Est%C3%A1dio+Vicente+de+Paula+Penido+%28%E2%80%9CPenid%C3%A3o%E2%80%9D%29/data=!4m7!3m6!1s0x94ccc368e60eba3f:0x4bd5eb7acec7a3c7!8m2!3d-22.846703!4d-45.2355389!16s%2Fg%2F121qyrts!19sChIJP7oO5mjDzJQRx6PHznrr1Us?authuser=0&hl=pt-BR&rclk=1,scraper_gmaps|escola de futebol Aparecida - SP|grêmio recreativo Aparecida - SP
e2027658535edb5c,Santuário Nacional de Nossa Senhora da Conceição Aparecida,"Av. Dr. Júlio Prestes, s/n - Ponte Alta, Aparecida - SP, 12570-000, Brasil",-22.8505022,-45.2336768,+55 300 210 1210,Mostrar horário de funcionamento da semana,a12.com,"4,9",49,Santuário,Aberto · Fecha 21:00,https://www.google.com/maps/place/Santu%C3%A1rio+Nacional+de+Nossa+Senhora+da+Concei%C3%A7%C3%A3o+Aparecida/data=!4m7!3m6!1s0x94ccc3687b4e0e9f:0x3997737338b35de0!8m2!3d-22.8505022!4d-45.2336768!16s%2Fm%2F02ptzm0!19sChIJnw5Oe2jDzJQR4F2zOHNzlzk?authuser=0&hl=pt-BR&rclk=1,scraper_gmaps|grêmio recreativo Aparecida - SP|ADC Aparecida - SP|condomínio Aparecida - SP|associação de moradores Aparecida - SP
bd318f5a533164ca,Grêmio Recreativo e Desportivo de São Paulo,"Estrada Municipal Cerejeiras, 1939 - Cerejeira, Guararema - SP, 08900-000, Brasil",-23.3438224,-46.081089,+55 11 94735-7956,Mostrar horário de funcionamento da semana,,"4,8",48,Clube,Aberto · Fecha 17:00,https://www.google.com/maps/place/Gr%C3%AAmio+Recreativo+e+Desportivo+de+S%C3%A3o+Paulo/data=!4m7!3m6!1s0x94cdd317b6ec490f:0xd7b37baa4a5f656e!8m2!3d-23.3438224!4d-46.081089!16s%2Fg%2F11rsqw5m69!19sChIJD0nsthfTzZQRbmVfSqp7s9c?authuser=0&hl=pt-BR&rclk=1,scraper_gmaps|grêmio recreativo Aparecida - SP
9e49f5a201b2ee86,Trenzinho da Alegria Paris City Tour,"Av. Getúlio Vargas, 681, Aparecida - SP, 12570-000, Brasil",-22.8513554,-45.2317566,+55 12 99210-7593,Mostrar horário de funcionamento da semana,,"4,8",48,Operador de turismo,Aberto 24 horas,https://www.google.com/maps/place/Trenzinho+da+Alegria+Paris+City+Tour/data=!4m7!3m6!1s0x94ccc30713d34f37:0x29d23add83cd129d!8m2!3d-22.8513554!4d-45.2317566!16s%2Fg%2F11yg592730!19sChIJN0_TEwfDzJQRnRLNg9060ik?authuser=0&hl=pt-BR&rclk=1,scraper_gmaps|grêmio recreativo Aparecida - SP
de100ddb6fb1b1c3,Grêmio Esportivo Campo Grande,"Av. Salim Antônio Curiati, 225 - Jurubatuba, São Paulo - SP, 04690-050, Brasil",-23.6719117,-46.69501,+55 11 97650-9180,Mostrar horário de funcionamento da semana,gremiocampogrande.com.br,"4,6",46,Clube esportivo,Aberto · Fecha 21:00,https://www.google.com/maps/place/Gr%C3%AAmio+Esportivo+Campo+Grande/data=!4m7!3m6!1s0x94ce503b7d924a39:0xd029f6977215cbf8!8m2!3d-23.6719117!4d-46.69501!16s%2Fg%2F1tksjxw0!19sChIJOUqSfTtQzpQR-MsVcpf2KdA?authuser=0&hl=pt-BR&rclk=1,scraper_gmaps|grêmio recreativo Aparecida - SP
5ca10bed3e80d856,Gremio Recreativo da Companhia Paulista,"Av. Dez, 1630 - Vila Elizabeth (Bnh), Rio Claro - SP, 13504-150, Brasil",-22.4071856,-47.5680498,+55 19 99884-6478,,gremiocp.com.br,"4,3",43,Clube,,https://www.google.com/maps/place/Gremio+Recreativo+da+Companhia+Paulista/data=!4m7!3m6!1s0x94c7db001b62ea95:0xf7155752e7a4d26f!8m2!3d-22.4071856!4d-47.5680498!16s%2Fg%2F11yqy0jvq6!19sChIJlepiGwDbx5QRb9Kk51JXFfc?authuser=0&hl=pt-BR&rclk=1,scraper_gmaps|grêmio recreativo Aparecida - SP
4bcb1fa514c79446,Grêmio Recreativo Drogaria São Paulo,"Estrada Municipal Cerejeiras, 2045, Guararema - SP, 08900-000, Brasil",-23.3438908,-46.0806324,,Mostrar horário de funcionamento da semana,,"4,5",45,Drogaria,Aberto · Fecha 17:00,https://www.google.com/maps/place/Gr%C3%AAmio+Recreativo+Drogaria+S%C3%A3o+Paulo/data=!4m7!3m6!1s0x94cdd2ee7b0d3a35:0xf621e4dcc4d68b7e!8m2!3d-23.3438908!4d-46.0806324!16s%2Fg%2F11b6ht3ddb!19sChIJNToNe-7SzZQRfovWxNzkIfY?authuser=0&hl=pt-BR&rclk=1,scraper_gmaps|grêmio recreativo Aparecida - SP
80a5e97c4569fc4c,Clube de campo Sechsar,"Rod. Pres. Washington Luís, n° 5000, Roseira - SP, 12580-556, Brasil",-22.8921226,-45.2957,+55 12 99259-3351,Mostrar horário de funcionamento da semana,,"4,6",46,Clube de campo,Aberto · Fecha 19:00,https://www.google.com/maps/place/Clube+de+campo+Sechsar/data=!4m7!3m6!1s0x94ccdd138cf2c013:0x21d9d649e803d885!8m2!3d-22.8921226!4d-45.2957!16s%2Fg%2F11g_r5tx3q!19sChIJE8DyjBPdzJQRhdgD6EnW2SE?authuser=0&hl=pt-BR&rclk=1,scraper_gmaps|grêmio recreativo Aparecida - SP
04e96630e7c5b99f,Clube Recreativo Jequitibá,"R. José de Noronha Ferraz, 454 - Vila Resende, Caçapava - SP, 12282-060, Brasil",-23.1037552,-45.6962144,+55 12 3655-4873,Mostrar horário de funcionamento da semana,instagram.com,"4,6",46,Clube de campo,Aberto · Fecha 22:00,https://www.google.com/maps/place/Clube+Recreativo+Jequitib%C3%A1/data=!4m7!3m6!1s0x94cc515e272e8a33:0x20adba5166b01b4a!8m2!3d-23.1037552!4d-45.6962144!16s%2Fg%2F1v76_sjt!19sChIJM4ouJ15RzJQRShuwZlG6rSA?authuser=0&hl=pt-BR&rclk=1,scraper_gmaps|grêmio recreativo Aparecida - SP
725e985a43f807d9,Rincão Clube Naturista,"Estrada do Rincão s/n Da, R. da Rocinha, Guaratinguetá - SP, 12500-000, Brasil",-22.9468047,-45.1013928,+55 21 99705-7181,Mostrar horário de funcionamento da semana,rincaonaturista.com,"4,7",47,Clube de campo,Aberto · Fecha 17:00,https://www.google.com/maps/place/Rinc%C3%A3o+Clube+Naturista/data=!4m7!3m6!1s0x95199b7ef58f8b39:0xbcbc2140b547521!8m2!3d-22.9468047!4d-45.1013928!16s%2Fg%2F11c3tgc6mq!19sChIJOYuP9X6bGZURIXVUCxTCyws?authuser=0&hl=pt-BR&rclk=1,scraper_gmaps|grêmio recreativo Aparecida - SP
7f694bbd05dcda4b,Ginásio da Vila Aparecida,"Av. César Costa, 595 - Vila Aparecida, Taubaté - SP, 12052-000, Brasil",-23.0123397,-45.561952,,Mostrar horário de funcionamento da semana,taubatefutsal.com.br,"4,3",43,Ginásio poliesportivo,Aberto · Fecha 18:00,https://www.google.com/maps/place/Gin%C3%A1sio+da+Vila+Aparecida/data=!4m7!3m6!1s0x94ccf9b2a14324d7:0xd079a62626710229!8m2!3d-23.0123397!4d-45.561952!16s%2Fg%2F11c2nkk969!19sChIJ1yRDobL5zJQRKQJxJiamedA?authuser=0&hl=pt-BR&rclk=1,scraper_gmaps|grêmio recreativo Aparecida - SP
947b72740debd814,Clube Gremio,"Jardim Aurea, Mogi Mirim - SP, Brasil",-22.4429516,-46.9630481,+55 19 3552-5093,Mostrar horário de funcionamento da semana,,"4,8",48,Clube,Aberto 24 horas,https://www.google.com/maps/place/Clube+Gremio/data=!4m7!3m6!1s0x94c8f90b68165c43:0x44de2bef88dc9fdc!8m2!3d-22.4429516!4d-46.9630481!16s%2Fg%2F11gy1zqlw3!19sChIJQ1wWaAv5yJQR3J_ciO8r3kQ?authuser=0&hl=pt-BR&rclk=1,scraper_gmaps|grêmio recreativo Aparecida - SP
faf40536b31a3302,Clube da Eskina,"R. Primeiro de Maio, Aparecida - SP, 12570-000, Brasil",-22.8498149,-45.2267264,+55 12 98183-3415,,,"5,0",50,Bar,,https://www.google.com/maps/place/Clube+da+Eskina/data=!4m7!3m6!1s0x94ccc386deaf0477:0xdd483bee47de691a!8m2!3d-22.8498149!4d-45.2267264!16s%2Fg%2F11jydjtxwc!19sChIJdwSv3obDzJQRGmneR-47SN0?authuser=0&hl=pt-BR&rclk=1,scraper_gmaps|grêmio recreativo Aparecida - SP
e311d80ac47b57c3,Grêmio Esportivo Atibaiense,"R. José Píres, 55 - Centro, Atibaia - SP, 12940-650, Brasil",-23.1165012,-46.555058,+55 11 4402-3911,Mostrar horário de funcionamento da semana,,"4,3",43,Clube,Aberto · Fecha 22:00,https://www.google.com/maps/place/Gr%C3%AAmio+Esportivo+Atibaiense/data=!4m7!3m6!1s0x94cec120a7d77989:0xf488ee16ebdac048!8m2!3d-23.1165012!4d-46.555058!16s%2Fg%2F1wn34tdr!19sChIJiXnXpyDBzpQRSMDa6xbuiPQ?authuser=0&hl=pt-BR&rclk=1,scraper_gmaps|grêmio recreativo Aparecida - SP
28c96b45a9f3f4fb,Associação Desportiva Classista Mercedes-Benz,"R. Brejaúva, 337 - Vila Santa Rita, Diadema - SP, 09950-630, Brasil",-23.6727328,-46.5820928,+55 11 4072-7200,Mostrar horário de funcionamento da semana,adcmb.com.br,"4,5",45,Clube,Aberto · Fecha 22:00,https://www.google.com/maps/place/Associa%C3%A7%C3%A3o+Desportiva+Classista+Mercedes-Benz/data=!4m7!3m6!1s0x94ce4370310afa7d:0xa5b48bfa6b7efc9e!8m2!3d-23.6727328!4d-46.5820928!16s%2Fg%2F1txfq8cw!19sChIJffoKMXBDzpQRnvx-a_qLtKU?authuser=0&hl=pt-BR&rclk=1,scraper_gmaps|associação desportiva classista Aparecida - SP
7aefe38fa97a41c8,Associação Desportiva Classista Bradesco,"R. Tomás Antônio Gonzaga, 200 - Cipava, Osasco - SP, 06080-130, Brasil",-23.5436675,-46.7866211,+55 11 3681-1062,,,"4,7",47,Escola de esportes,,https://www.google.com/maps/place/Associa%C3%A7%C3%A3o+Desportiva+Classista+Bradesco/data=!4m7!3m6!1s0x94ceff9fffeb01bd:0x21544cf8602def08!8m2!3d-23.5436675!4d-46.7866211!16s%2Fg%2F1ptxf5yzh!19sChIJvQHr_5__zpQRCO8tYPhMVCE?authuser=0&hl=pt-BR&rclk=1,scraper_gmaps|associação desportiva classista Aparecida - SP
156a8b5584f8c84f,Clube ADC Villares Sumaré,"Estr. Mun. Dirce Pinto Dalben, 439 - Jardim Viel, Sumaré - SP, Brasil",-22.808675,-47.208636,+55 19 3864-9544,Mostrar horário de funcionamento da semana,facebook.com,"4,6",46,Clube esportivo,Aberto · Fecha 23:00,https://www.google.com/maps/place/Clube+ADC+Villares+Sumar%C3%A9/data=!4m7!3m6!1s0x94c8bed4679a3b1d:0x672184839e6582d1!8m2!3d-22.808675!4d-47.208636!16s%2Fg%2F11b6hp9vgf!19sChIJHTuaZ9S-yJQR0YJlnoOEIWc?authuser=0&hl=pt-BR&rclk=1,scraper_gmaps|associação desportiva classista Aparecida - SP
6158c4c51e0b1bf7,ADC Santuário Nacional,"R. Joaquim Manoel Silva Rosa, Roseira - SP, 12580-000, Brasil",-22.8881744,-45.3019098,+55 12 3104-1000,,,"4,6",46,Clube,,https://www.google.com/maps/place/ADC+Santu%C3%A1rio+Nacional/data=!4m7!3m6!1s0x94cce9aa5198cdcd:0xfe287b3332cc6375!8m2!3d-22.8881744!4d-45.3019098!16s%2Fg%2F11gj6byfmf!19sChIJzc2YUarpzJQRdWPMMjN7KP4?authuser=0&hl=pt-BR&rclk=1,scraper_gmaps|ADC Aparecida - SP
65fe9c8db8849ca5,Arquidiocese de Aparecida,"R. Barão do Rio Branco, 412 - Centro, Aparecida - SP, 12570-000, Brasil",-22.8407693,-45.2276179,+55 12 3104-2707,Mostrar horário de funcionamento da semana,arqaparecida.org.br,"4,1",41,Templo,Aberto · Fecha 17:00,https://www.google.com/maps/place/Arquidiocese+de+Aparecida/data=!4m7!3m6!1s0x94ccc36b5fca2425:0xa47a09770944b5fc!8m2!3d-22.8407693!4d-45.2276179!16s%2Fm%2F03wf652!19sChIJJSTKX2vDzJQR_LVECXcJeqQ?authuser=0&hl=pt-BR&rclk=1,scraper_gmaps|ADC Aparecida - SP
752b45e7174405fa,Centro de Apoio ao Romeiro,"Av. Dr. Júlio Prestes, s/nº - Centro, Aparecida - SP, 12570-000, Brasil",-22.8551824,-45.2348656,,Mostrar horário de funcionamento da semana,a12.com,"4,6",46,Shopping center,Aberto · Fecha 20:00,https://www.google.com/maps/place/Centro+de+Apoio+ao+Romeiro/data=!4m7!3m6!1s0x94ccc34495e9f079:0xdfd185e958db0c3b!8m2!3d-22.8551824!4d-45.2348656!16s%2Fg%2F1ptyqv9wl!19sChIJefDplUTDzJQROwzbWOmF0d8?authuser=0&hl=pt-BR&rclk=1,scraper_gmaps|ADC Aparecida - SP
8f19b92b6604e8e2,OAB Aparecida SP,"R. Nove de Julho, 55, Aparecida - SP, 12570-000, Brasil",-22.8373447,-45.2244692,+55 12 3105-4060,Mostrar horário de funcionamento da semana,oabsp.org.br,"4,5",45,Advogado,Fecha em breve · 15:30 · Abre sex. às 13:30,https://www.google.com/maps/place/OAB+Aparecida+SP/data=!4m7!3m6!1s0x94ccc362a7acc533:0xf90e015c48523133!8m2!3d-22.8373447!4d-45.2244692!16s%2Fg%2F11bv1plpr5!19sChIJM8Wsp2LDzJQRMzFSSFwBDvk?authuser=0&hl=pt-BR&rclk=1,scraper_gmaps|ADC Aparecida - SP
34a04a6ea8f8bb79,Sala das Promessas,"Av. Dr. Júlio Prestes, s/n - Ponte Alta, Aparecida - SP, 12570-000, Brasil",-22.8503654,-45.2337011,+55 300 210 1210,Mostrar horário de funcionamento da semana,,"4,9",49,Museu histórico,Aberto · Fecha 16:45,https://www.google.com/maps/place/Sala+das+Promessas/data=!4m7!3m6!1s0x94ccc3081c69158f:0x3eca7a52195ce5cc!8m2!3d-22.8503654!4d-45.2337011!16s%2Fg%2F11nnvh3pjn!19sChIJjxVpHAjDzJQRzOVcGVJ6yj4?authuser=0&hl=pt-BR&rclk=1,scraper_gmaps|ADC Aparecida - SP
2c9592c9b45cd359,Prefeitura Municipal de Aparecida,"R. Professsor José Borges Ribeiro, 160, Aparecida - SP, 12570-000, Brasil",-22.8489661,-45.2285009,+55 12 3104-4000,Mostrar horário de funcionamento da semana,aparecida.sp.gov.br,"3,8",38,Prefeitura,Aberto · Fecha 17:00,https://www.google.com/maps/place/Prefeitura+Municipal+de+Aparecida/data=!4m7!3m6!1s0x94ccc37d19dbcbf9:0xfc77b71aac03637!8m2!3d-22.8489661!4d-45.2285009!16s%2Fg%2F1td2nlw7!19sChIJ-cvbGX3DzJQRNzbAqnF7xw8?authuser=0&hl=pt-BR&rclk=1,scraper_gmaps|ADC Aparecida - SP
ab42a0f66708c977,Paróquia de São Roque,"Av. Zezé Valadão, 221 - Bairro São Roque, Aparecida - SP, 12570-000, Brasil",-22.8356497,-45.2214841,+55 12 3105-2938,,,"4,9",49,Igreja católica,,https://www.google.com/maps/place/Par%C3%B3quia+de+S%C3%A3o+Roque/data=!4m7!3m6!1s0x94ccc523c4dbca4b:0x3970f15f804ce02f!8m2!3d-22.8356497!4d-45.2214841!16s%2Fg%2F11hz9b0q20!19sChIJS8rbxCPFzJQRL-BMgF_xcDk?authuser=0&hl=pt-BR&rclk=1,scraper_gmaps|ADC Aparecida - SP
8fd636c328ad1fb7,Restaurante Novo Skina Beer,"praça santo Afonso 40 - ponte Alta, Aparecida cep, Aparecida - SP, 12575-070, Brasil",-22.8473645,-45.2369856,+55 12 3105-2627,Mostrar horário de funcionamento da semana,skinabeerrestauran.wixsite.com,"4,5",45,Restaurante,Fechado · Abre qui. às 10:30,https://www.google.com/maps/place/Restaurante+Novo+Skina+Beer/data=!4m7!3m6!1s0x94ccc36913c939c9:0xece068b49529129a!8m2!3d-22.8473645!4d-45.2369856!16s%2Fg%2F11fzff2wvb!19sChIJyTnJE2nDzJQRmhIplbRo4Ow?authuser=0&hl=pt-BR&rclk=1,scraper_gmaps|ADC Aparecida - SP
9efda4f90d295769,Aparecida,,-22.8469227,-45.2316701,,,,,,São Paulo,,https://www.google.com/maps/place/Aparecida/data=!4m7!3m6!1s0x94ccc379d09ce3b5:0xd1bef3757218c5bf!8m2!3d-22.8469227!4d-45.2316701!16zL20vMDN4c3Qy!19sChIJteOc0HnDzJQRv8UYcnXzvtE?authuser=0&hl=pt-BR&rclk=1,scraper_gmaps|SESC Aparecida - SP
f0ffdaa46e710629,Aparecida,,-22.8469289,-45.2316803,,,,,,SP,,https://www.google.com/maps/place/Aparecida/data=!4m7!3m6!1s0x94ccc35d46e8364b:0x84328ec5b5a92a5c!8m2!3d-22.8469289!4d-45.2316803!16s%2Fg%2F11bxg1jw5d!19sChIJSzboRl3DzJQRXCqptcWOMoQ?authuser=0&hl=pt-BR&rclk=1,scraper_gmaps|SESC Aparecida - SP
452ecdbd5dc01b93,Manoel Ignacio de Moraes Escola Municipal de Ensino Fundamental Integral,"R. Pedro Maria Filippo, 500 - Vila Mariana, Aparecida - SP, 12570-000, Brasil",-22.8278713,-45.2183456,,Mostrar horário de funcionamento da semana,,,,Escola de ensino fundamental,Aberto 24 horas,https://www.google.com/maps/place/Manoel+Ignacio+de+Moraes+Escola+Municipal+de+Ensino+Fundamental+Integral/data=!4m7!3m6!1s0x94ccc486f7855339:0x82d7ae1b473fabd0!8m2!3d-22.8278713!4d-45.2183456!16s%2Fg%2F1ydntyjk8!19sChIJOVOF94bEzJQR0Ks_Rxuu14I?authuser=0&hl=pt-BR&rclk=1,scraper_gmaps|escola municipal Aparecida - SP|EMEF Aparecida - SP
3f5a70b9bab3cfc3,Escola Municipal Profº Anísio Novaes,"R. João Aprígio Costa, 139, Aparecida - SP, 12570-000, Brasil",-22.8369576,-45.2252248,+55 12 3105-4021,Mostrar horário de funcionamento da semana,,,,Escola de educação geral,Aberto · Fecha 18:00,https://www.google.com/maps/place/Escola+Municipal+Prof%C2%BA+An%C3%ADsio+Novaes/data=!4m7!3m6!1s0x94ccc37d4b5f0549:0xb48eafac1561cd5b!8m2!3d-22.8369576!4d-45.2252248!16s%2Fg%2F11c5ln07cq!19sChIJSQVfS33DzJQRW81hFayvjrQ?authuser=0&hl=pt-BR&rclk=1,scraper_gmaps|escola municipal Aparecida - SP|EMEF Aparecida - SP
d3e43eedc3a2a2ad,Escola Municipal de Ensino Fundamental Professora Heloisa de Castro Encarnação Pinto Barboza,"R. Itabaiana, 100, Aparecida - SP, 12570-000, Brasil",-22.868354,-45.2588162,,,,,,Escola de ensino fundamental,,https://www.google.com/maps/place/Escola+Municipal+de+Ensino+Fundamental+Professora+Heloisa+de+Castro+Encarna%C3%A7%C3%A3o+Pinto+Barboza/data=!4m7!3m6!1s0x94ccc312a56911b3:0xaf3a1d3a52b82b41!8m2!3d-22.868354!4d-45.2588162!16s%2Fg%2F11gh6c9hr9!19sChIJsxFppRLDzJQRQSu4UjodOq8?authuser=0&hl=pt-BR&rclk=1,scraper_gmaps|escola municipal Aparecida - SP|EMEF Aparecida - SP
f076c810c1fb566a,EMEF Maria Aparecida da Encarnação – MAE,"R. Nenzinho Macedo, 106 - Ponte Alta, Aparecida - SP, 12570-000, Brasil",-22.8404601,-45.2317698,+55 12 3105-2613,Mostrar horário de funcionamento da semana,,,,Escola pública,Aberto · Fecha 18:00,https://www.google.com/maps/place/EMEF+Maria+Aparecida+da+Encarna%C3%A7%C3%A3o+%E2%80%93+MAE/data=!4m7!3m6!1s0x94ccc3651c1aca41:0x32e9938a1c48323c!8m2!3d-22.8404601!4d-45.2317698!16s%2Fg%2F11c70c96v3!19sChIJQcoaHGXDzJQRPDJIHIqT6TI?authuser=0&hl=pt-BR&rclk=1,scraper_gmaps|escola municipal Aparecida - SP|EMEF Aparecida - SP
b1809b93b9a5260f,EMEF. Profª Maria Conceição Pires do Rio,"R. Pé João Batista, 93, Aparecida - SP, 12570-000, Brasil",-22.854206,-45.2302856,+55 12 3108-2444,Mostrar horário de funcionamento da semana,,,,Escola de ensino fundamental,Aberto · Fecha 17:30,https://www.google.com/maps/place/EMEF.+Prof%C2%AA+Maria+Concei%C3%A7%C3%A3o+Pires+do+Rio/data=!4m7!3m6!1s0x94ccc35bc8456391:0x5020e93de352e26f!8m2!3d-22.854206!4d-45.2302856!16s%2Fg%2F11clt76n_p!19sChIJkWNFyFvDzJQRb-JS4z3pIFA?authuser=0&hl=pt-BR&rclk=1,scraper_gmaps|escola municipal Aparecida - SP|EMEF Aparecida - SP
f3ebd571c521a29f,EMEF. Profa. Marieta Vilela da Costa Braga,"Av. Juvenal Arantes, 399 - Jardim Paraiba, Aparecida - SP, 12570-000, Brasil",-22.8492832,-45.2423667,+55 12 3105-3890,,,,,Escola pública,,https://www.google.com/maps/place/EMEF.+Profa.+Marieta+Vilela+da+Costa+Braga/data=!4m7!3m6!1s0x94ccc36b490b968b:0x36a5885b03425f2d!8m2!3d-22.8492832!4d-45.2423667!16s%2Fg%2F11dxl9kvtv!19sChIJi5YLSWvDzJQRLV9CA1uIpTY?authuser=0&hl=pt-BR&rclk=1,scraper_gmaps|escola municipal Aparecida - SP|EMEF Aparecida - SP
b0728f0f08b1a38e,EMEF. Integral Profª Maria Helena Camargo Lourenço Barbosa,"R. Irmã Vilma, s/n, Aparecida - SP, 12570-000, Brasil",-22.8332811,-45.2161664,+55 12 3108-2103,,,,,Escola de ensino fundamental,,https://www.google.com/maps/place/EMEF.+Integral+Prof%C2%AA+Maria+Helena+Camargo+Louren%C3%A7o+Barbosa/data=!4m7!3m6!1s0x94ccc48543efd655:0x53048adfae2dd219!8m2!3d-22.8332811!4d-45.2161664!16s%2Fg%2F11c70brrw_!19sChIJVdbvQ4XEzJQRGdItrt-KBFM?authuser=0&hl=pt-BR&rclk=1,scraper_gmaps|escola municipal Aparecida - SP|EMEF Aparecida - SP
125c47570b8063b1,EMEIEF. Prefeito Jose Geraldo Lemes Valladão,"Av. Itaguaçu, 1963 - São Geraldo, Aparecida - SP, 12570-000, Brasil",-22.8585328,-45.248391,+55 12 98894-8695,Mostrar horário de funcionamento da semana,,,,Escola de ensino fundamental,Aberto · Fecha 17:00,https://www.google.com/maps/place/EMEIEF.+Prefeito+Jose+Geraldo+Lemes+Vallad%C3%A3o/data=!4m7!3m6!1s0x94ccc3246b795c71:0x17094964cc5f188c!8m2!3d-22.8585328!4d-45.248391!16s%2Fg%2F1tcxkwp5!19sChIJcVx5ayTDzJQRjBhfzGRJCRc?authuser=0&hl=pt-BR&rclk=1,scraper_gmaps|escola municipal Aparecida - SP|EMEF Aparecida - SP
d77625962ca2dddf,EMEF Comendador Salgado,"R. Pedro Maria Filippo, 219, Aparecida - SP, 12570-000, Brasil",-22.8285671,-45.218205,+55 12 3105-2188,,,,,Escola de ensino fundamental,,https://www.google.com/maps/place/EMEF+Comendador+Salgado/data=!4m7!3m6!1s0x94ccc486927594b3:0x797f06ab90623cbc!8m2!3d-22.8285671!4d-45.218205!16s%2Fg%2F11clvg9n54!19sChIJs5R1kobEzJQRvDxikKsGf3k?authuser=0&hl=pt-BR&rclk=1,scraper_gmaps|escola municipal Aparecida - SP|EMEF Aparecida - SP
c3b0c822c59aed9a,EMEF. Integral Prof. Aureliano Paixao,"Rua Padre Noe Sotillo, 400 - N.S. Perpetuo Socorro, Aparecida - SP, 12570-000, Brasil",-22.8453472,-45.2247215,+55 12 3105-9138,,,,,Escola pública,,https://www.google.com/maps/place/EMEF.+Integral+Prof.+Aureliano+Paixao/data=!4m7!3m6!1s0x94ccc367a674142f:0xad12c7c583f207ee!8m2!3d-22.8453472!4d-45.2247215!16s%2Fg%2F11g6xq0hkp!19sChIJLxR0pmfDzJQR7gfyg8XHEq0?authuser=0&hl=pt-BR&rclk=1,scraper_gmaps|escola municipal Aparecida - SP|EMEF Aparecida - SP
ac90824a54d1c527,EMEF. Prefeito Solon Pereira,"Tv. José Amador, 88, Aparecida - SP, 12570-000, Brasil",-22.8490381,-45.2255386,+55 12 3105-4089,,,,,Escola de ensino fundamental,,https://www.google.com/maps/place/EMEF.+Prefeito+Solon+Pereira/data=!4m7!3m6!1s0x94ccc3002d83c4f1:0x941b9c20cf79ce50!8m2!3d-22.8490381!4d-45.2255386!16s%2Fg%2F11y79h54sg!19sChIJ8cSDLQDDzJQRUM55zyCcG5Q?authuser=0&hl=pt-BR&rclk=1,scraper_gmaps|escola municipal Aparecida - SP|EMEF Aparecida - SP
349f28e078f762b3,Emei Creche Santa Terezinha,"Rua José Leite, 05, Aparecida - SP, 12570-000, Brasil",-22.8362615,-45.2258679,+55 12 3105-7750,Mostrar horário de funcionamento da semana,facebook.com,"4,9",49,Creche,Aberto · Fecha 17:30,https://www.google.com/maps/place/Emei+Creche+Santa+Terezinha/data=!4m7!3m6!1s0x94ccc37d19dbcbf9:0x61b1a724d3a4f199!8m2!3d-22.8362615!4d-45.2258679!16s%2Fg%2F1td1fjmg!19sChIJ-cvbGX3DzJQRmfGk0ySnsWE?authuser=0&hl=pt-BR&rclk=1,scraper_gmaps|escola municipal Aparecida - SP|EMEI Aparecida - SP|creche particular Aparecida - SP
829969feea087d22,"EE ""Professor Murillo do Amaral""","R. Antônio Filipo, 20-106, Aparecida - SP, 12570-000, Brasil",-22.8339046,-45.2196691,+55 12 3105-2617,Mostrar horário de funcionamento da semana,,,,Escola de ensino fundamental,Aberto · Fecha 23:00,https://www.google.com/maps/place/EE+%22Professor+Murillo+do+Amaral%22/data=!4m7!3m6!1s0x94ccc484a07f7677:0x2e70d522115df100!8m2!3d-22.8339046!4d-45.2196691!16s%2Fg%2F11g69zpl6z!19sChIJd3Z_oITEzJQRAPFdESLVcC4?authuser=0&hl=pt-BR&rclk=1,scraper_gmaps|escola municipal Aparecida - SP|EMEF Aparecida - SP
632012841228b1ff,Colégio Técnico Municipal de Aparecida,"Praça Padre Vitor Coelho de Almeida, 499, Aparecida - SP, 12570-000, Brasil",-22.8379727,-45.2239902,+55 12 3105-2071,,aparecida.sp.gov.br,,,Escola pública,,https://www.google.com/maps/place/Col%C3%A9gio+T%C3%A9cnico+Municipal+de+Aparecida/data=!4m7!3m6!1s0x94ccc3402aaa6333:0xe2ded83a62dfbb11!8m2!3d-22.8379727!4d-45.2239902!16s%2Fg%2F1tkr0cxb!19sChIJM2OqKkDDzJQREbvfYjrY3uI?authuser=0&hl=pt-BR&rclk=1,scraper_gmaps|escola municipal Aparecida - SP|EMEF Aparecida - SP
b5e71b968e416135,Creche Municipal Professora Vera Lúcia Chagas Bourabebi,"R. Itacolomi - Itaguaçu, Aparecida - SP, Brasil",-22.8679754,-45.260312,,,,"5,0",50,Pré-escola,,https://www.google.com/maps/place/Creche+Municipal+Professora+Vera+L%C3%BAcia+Chagas+Bourabebi/data=!4m7!3m6!1s0x94ccc342e9c430df:0xdd19f9a46489589c!8m2!3d-22.8679754!4d-45.260312!16s%2Fg%2F11q3bqdc22!19sChIJ3zDE6ULDzJQRnFiJZKT5Gd0?authuser=0&hl=pt-BR&rclk=1,scraper_gmaps|escola municipal Aparecida - SP|creche particular Aparecida - SP
4bc01464c1da8e16,E E Paulina Cardoso,"R. Cap. Emídio Moreira, 153, Aparecida - SP, 12570-000, Brasil",-22.8489244,-45.2373298,+55 12 3105-2533,Mostrar horário de funcionamento da semana,educacao.sp.gov.br,,,Escola pública,Aberto · Fecha 18:30,https://www.google.com/maps/place/E+E+Paulina+Cardoso/data=!4m7!3m6!1s0x94ccc3699a47fc35:0x7efc5b25a77b9ef5!8m2!3d-22.8489244!4d-45.2373298!16s%2Fg%2F11dyp4q8d3!19sChIJNfxHmmnDzJQR9Z57pyVb_H4?authuser=0&hl=pt-BR&rclk=1,scraper_gmaps|escola municipal Aparecida - SP|EMEF Aparecida - SP
a814977bf42dfd48,EMEI PROF NEUZA APPARECIDA ARNEIRO NOGUEIRA DA SILVA,"R. Nagib Chad, 500 - Jardim Paraíba, Aparecida - SP, 12570-000, Brasil",-22.850026,-45.2428789,,,,,,Escola de ensino fundamental,,https://www.google.com/maps/place/EMEI+PROF+NEUZA+APPARECIDA+ARNEIRO+NOGUEIRA+DA+SILVA/data=!4m7!3m6!1s0x94ccc36b2bb69c49:0xd36469e052f96e50!8m2!3d-22.850026!4d-45.2428789!16s%2Fg%2F11v038q__g!19sChIJSZy2K2vDzJQRUG75UuBpZNM?authuser=0&hl=pt-BR&rclk=1,scraper_gmaps|escola municipal Aparecida - SP|EMEF Aparecida - SP|EMEI Aparecida - SP
a90877a6d3b3e203,CRECHE ESCOLA SANTA LUZIA,"R. Nagib Chad, 540, Aparecida - SP, 12570-000, Brasil",-22.8498504,-45.242825,+55 12 3105-7747,,,"5,0",50,Instituição educacional,,https://www.google.com/maps/place/CRECHE+ESCOLA+SANTA+LUZIA/data=!4m7!3m6!1s0x94ccc36b2c3e522b:0x71ebdf6f404ce171!8m2!3d-22.8498504!4d-45.242825!16s%2Fg%2F11kpkncbqy!19sChIJK1I-LGvDzJQRceFMQG_f63E?authuser=0&hl=pt-BR&rclk=1,scraper_gmaps|escola municipal Aparecida - SP|EMEI Aparecida - SP|creche particular Aparecida - SP
2759c3cbb3d30acd,Emei Dona Francisca de Lima Jorge,"Avenida Zezé Valladão, s/n - São Roque, Aparecida - SP, 12570-000, Brasil",-22.8328184,-45.2173361,+55 12 3105-7999,,,"3,0",30,Pré-escola,Temporariamente fechado,https://www.google.com/maps/place/Emei+Dona+Francisca+de+Lima+Jorge/data=!4m7!3m6!1s0x94ccc49c6010afcd:0x63cbefb3ceecdc03!8m2!3d-22.8328184!4d-45.2173361!16s%2Fg%2F1tmkm2j6!19sChIJza8QYJzEzJQRA9zszrPvy2M?authuser=0&hl=pt-BR&rclk=1,scraper_gmaps|escola municipal Aparecida - SP|EMEF Aparecida - SP|EMEI Aparecida - SP|creche particular Aparecida - SP
70ebf26e77eeb065,EMEF. Professora Virgulina Marcondes de Moura Fázzeri,"Pca PE Victor C Almeida, 499, Praça Padre Vitor Coelho de Almeida, 499, Aparecida - SP, 12570-000, Brasil",-22.8379629,-45.2239758,+55 12 3105-0257,,,,,Escola pública,,https://www.google.com/maps/place/EMEF.+Professora+Virgulina+Marcondes+de+Moura+F%C3%A1zzeri/data=!4m7!3m6!1s0x94ccc49d6b738c39:0xc4ed7db6a9a3021a!8m2!3d-22.8379629!4d-45.2239758!16s%2Fg%2F11dxl4s62z!19sChIJOYxza53EzJQRGgKjqbZ97cQ?authuser=0&hl=pt-BR&rclk=1,scraper_gmaps|EMEF Aparecida - SP
524f5d5da542cb2d,EMEF Chagas Pereira,"Aparecida - SP, 12570-000, Brasil",-22.8430343,-45.2313124,,Mostrar horário de funcionamento da semana,dataescolabrasil.inep.gov.br,,,Escola de ensino fundamental,Aberto · Fecha 17:00,https://www.google.com/maps/place/EMEF+Chagas+Pereira/data=!4m7!3m6!1s0x94ccc3402aaa6333:0x63d29a6c64dfecaa!8m2!3d-22.8430343!4d-45.2313124!16s%2Fg%2F1tqg1fzm!19sChIJM2OqKkDDzJQRquzfZGya0mM?authuser=0&hl=pt-BR&rclk=1,scraper_gmaps|EMEF Aparecida - SP
8cde9c534e6c9502,EE Dr. Edgard Souza,"R. Itacolomi - Itaguassu, Aparecida - SP, 12570-000, Brasil",-22.8681729,-45.2589988,,Mostrar horário de funcionamento da semana,,"4,0",40,Centro de treinamento,Aberto · Fecha 18:00,https://www.google.com/maps/place/EE+Dr.+Edgard+Souza/data=!4m7!3m6!1s0x94ccc327b62be7fd:0x125c6f9d32756cd9!8m2!3d-22.8681729!4d-45.2589988!16s%2Fg%2F1q4km654y!19sChIJ_ecrtifDzJQR2Wx1Mp1vXBI?authuser=0&hl=pt-BR&rclk=1,scraper_gmaps|EMEF Aparecida - SP
32c7cc374768bace,EMEF Profª Aparecida Taufic Nassif Mansur Naif,"R. Alecrim, 131 - Jardim Pres., Leme - SP, 13616-050, Brasil",-22.1784202,-47.37223,+55 19 2666-0905,Mostrar horário de funcionamento da semana,leme.sp.gov.br,"5,0",50,Prefeitura,Aberto · Fecha 17:00,https://www.google.com/maps/place/EMEF+Prof%C2%AA+Aparecida+Taufic+Nassif+Mansur+Naif/data=!4m7!3m6!1s0x94c80b87daaaaaab:0xdca5b11e6dd38798!8m2!3d-22.1784202!4d-47.37223!16s%2Fg%2F1tlwb5k0!19sChIJq6qq2ocLyJQRmIfTbR6xpdw?authuser=0&hl=pt-BR&rclk=1,scraper_gmaps|EMEF Aparecida - SP
8437be1989bc80fa,Colégio Lápis Mágico Aparecida,"R. Camilo Lélis, 150 - Jardim Paraíba, Aparecida - SP, 12575-156, Brasil",-22.8464548,-45.2409871,+55 12 3105-2823,Mostrar horário de funcionamento da semana,instagram.com,,,Escola de educação geral,Aberto · Fecha 18:00,https://www.google.com/maps/place/Col%C3%A9gio+L%C3%A1pis+M%C3%A1gico+Aparecida/data=!4m7!3m6!1s0x94ccc36c8c2a5fe7:0xb26d14d74994ad24!8m2!3d-22.8464548!4d-45.2409871!16s%2Fg%2F11d_vs6f9h!19sChIJ518qjGzDzJQRJK2USdcUbbI?authuser=0&hl=pt-BR&rclk=1,scraper_gmaps|EMEF Aparecida - SP|escola particular Aparecida - SP|colégio particular Aparecida - SP
e7844430513c18b1,Escola Estadual Américo Alves,"Praça Padre Vitor Coelho de Almeida, 113, Aparecida - SP, 12570-000, Brasil",-22.837338,-45.2239317,+55 12 3105-2270,,educacao.sp.gov.br,,,Escola de educação geral,,https://www.google.com/maps/place/Escola+Estadual+Am%C3%A9rico+Alves/data=!4m7!3m6!1s0x94ccc49d5ce7eafb:0xc997d4d54407eb79!8m2!3d-22.837338!4d-45.2239317!16s%2Fg%2F11csry6w79!19sChIJ--rnXJ3EzJQReesHRNXUl8k?authuser=0&hl=pt-BR&rclk=1,scraper_gmaps|EMEF Aparecida - SP
cfe057a995d40591,E.M.E.F. Prof.Aparecida Sallum_,"Bairro dos Mirandas, Tatuí - SP, Brasil",-23.3794005,-47.7554995,,Mostrar horário de funcionamento da semana,,,,Escola de ensino fundamental,Aberto · Fecha 17:00,https://www.google.com/maps/place/E.M.E.F.+Prof.Aparecida+Sallum_/data=!4m7!3m6!1s0x94c5e714f7014c45:0xbd2f990798a020c6!8m2!3d-23.3794005!4d-47.7554995!16s%2Fg%2F11k6wdbph0!19sChIJRUwB9xTnxZQRxiCgmAeZL70?authuser=0&hl=pt-BR&rclk=1,scraper_gmaps|EMEF Aparecida - SP
746d9f479ee71db4,Emei Creche Profa. Maria da Gloria Freitas,"R. Benedito Garcia dos Reis, s/n - São Franscico, Aparecida - SP, 12570-000, Brasil",-22.8597392,-45.2262582,+55 12 3105-3732,,,"5,0",50,Pré-escola,Temporariamente fechado,https://www.google.com/maps/place/Emei+Creche+Profa.+Maria+da+Gloria+Freitas/data=!4m7!3m6!1s0x94ccc356666a913b:0x5fa06808e97208f4!8m2!3d-22.8597392!4d-45.2262582!16s%2Fg%2F11dxq3s6k3!19sChIJO5FqZlbDzJQR9Ahy6QhooF8?authuser=0&hl=pt-BR&rclk=1,scraper_gmaps|EMEF Aparecida - SP|EMEI Aparecida - SP|creche particular Aparecida - SP
90e79a360632f81a,EMEI Profª Maria Terezinha Vilela de Lima,"Unnamed Road, Aparecida - SP, 12570-000, Brasil",-22.8486409,-45.2278254,,Mostrar horário de funcionamento da semana,,,,Pré-escola,Aberto · Fecha 17:30,https://www.google.com/maps/place/EMEI+Prof%C2%AA+Maria+Terezinha+Vilela+de+Lima/data=!4m7!3m6!1s0x94ccc35f1468ab87:0x23668e76b77c64f7!8m2!3d-22.8486409!4d-45.2278254!16s%2Fg%2F11f53d2497!19sChIJh6toFF_DzJQR92R8t3aOZiM?authuser=0&hl=pt-BR&rclk=1,scraper_gmaps|EMEI Aparecida - SP
1d843f4fce4bc70d,EMEI CRIANÇA FELIZ,"Tv. Manoel Moreira César, Aparecida - SP, 12570-000, Brasil",-22.8526334,-45.2311866,,,,,,Jardim de infância,,https://www.google.com/maps/place/EMEI+CRIAN%C3%87A+FELIZ/data=!4m7!3m6!1s0x94ccc35c7c8ab621:0xb5c1490ba3369920!8m2!3d-22.8526334!4d-45.2311866!16s%2Fg%2F11w5918sf8!19sChIJIbaKfFzDzJQRIJk2owtJwbU?authuser=0&hl=pt-BR&rclk=1,scraper_gmaps|EMEI Aparecida - SP|creche particular Aparecida - SP
be46b95b2e8f8248,Emei Criança Feliz,"Rua Antonio de Souza França, 117 - Vila Santa Rita, Aparecida - SP, 12570-000, Brasil",-22.846858,-45.2316513,+55 12 3108-2440,,,"5,0",50,Pré-escola,Temporariamente fechado,https://www.google.com/maps/place/Emei+Crian%C3%A7a+Feliz/data=!4m7!3m6!1s0x94ccc3402aaa6333:0xc12283fa31e5ccf9!8m2!3d-22.846858!4d-45.2316513!16s%2Fg%2F1tf2tb91!19sChIJM2OqKkDDzJQR-czlMfqDIsE?authuser=0&hl=pt-BR&rclk=1,scraper_gmaps|EMEI Aparecida - SP|creche particular Aparecida - SP
2c8e065e50802489,Colégio Millennium,"R. Barão do Rio Branco, 540, Aparecida - SP, 12570-000, Brasil",-22.8400357,-45.2263904,+55 12 3105-7424,Mostrar horário de funcionamento da semana,colegiomillennium.com.br,,,Ensino Fundamental,Aberto · Fecha 18:00,https://www.google.com/maps/place/Col%C3%A9gio+Millennium/data=!4m7!3m6!1s0x94ccc36254f15e0d:0xdec08c9ba25c015d!8m2!3d-22.8400357!4d-45.2263904!16s%2Fg%2F11g8nh59rx!19sChIJDV7xVGLDzJQRXQFcopuMwN4?authuser=0&hl=pt-BR&rclk=1,scraper_gmaps|escola particular Aparecida - SP|colégio particular Aparecida - SP
9389ec1a256589cc,COLÉGIO Via Solis,"R. Afonso Pereira Rangel, 57 - Jardim Paraíba, Aparecida - SP, 12570-000, Brasil",-22.8482112,-45.241327,+55 12 3105-2029,Mostrar horário de funcionamento da semana,colegioviasolis.com.br,,,Escola de ensino fundamental e médio,Aberto · Fecha 19:00,https://www.google.com/maps/place/COL%C3%89GIO+Via+Solis/data=!4m7!3m6!1s0x94ccc36b6e073063:0xc76b3f1892ade42b!8m2!3d-22.8482112!4d-45.241327!16s%2Fg%2F11byl5sv69!19sChIJYzAHbmvDzJQRK-Stkhg_a8c?authuser=0&hl=pt-BR&rclk=1,scraper_gmaps|escola particular Aparecida - SP|colégio particular Aparecida - SP
02589fc10822a216,Célia Cristina Arneiro Nogueira da Silva Rangel,"R. Barão do Rio Branco, 546, Aparecida - SP, 12570-000, Brasil",-22.8401328,-45.2262876,+55 12 3105-7424,,,,,Escola particular,,https://www.google.com/maps/place/C%C3%A9lia+Cristina+Arneiro+Nogueira+da+Silva+Rangel/data=!4m7!3m6!1s0x94ccc3402aaa6333:0x78dbe1e3e979236b!8m2!3d-22.8401328!4d-45.2262876!16s%2Fg%2F1tgjmdfg!19sChIJM2OqKkDDzJQRayN56ePh23g?authuser=0&hl=pt-BR&rclk=1,scraper_gmaps|escola particular Aparecida - SP|colégio particular Aparecida - SP
02372a653e16a177,Creche Vila Mariana,"Aparecida - SP, 12570-000, Brasil",-22.8272164,-45.2185007,,,,"5,0",50,Creche,,https://www.google.com/maps/place/Creche+Vila+Mariana/data=!4m7!3m6!1s0x94ccc5e344d634fd:0x889bbf4fffdcad8b!8m2!3d-22.8272164!4d-45.2185007!16s%2Fg%2F11fflywt4p!19sChIJ_TTWROPFzJQRi63c_0-_m4g?authuser=0&hl=pt-BR&rclk=1,scraper_gmaps|creche particular Aparecida - SP
59cb3672f0df2b2a,Lar São Vicente de Paulo,"+Creche Balao Azul - Tv. José Amador, s/n, Aparecida - SP, 12570-000, Brasil",-22.848447,-45.2261871,+55 12 3105-2589,,larsaovicenteaparecida.com.br,"4,8",48,Associação / organização,,https://www.google.com/maps/place/Lar+S%C3%A3o+Vicente+de+Paulo/data=!4m7!3m6!1s0x94ccc49cb2a43825:0x4f9c4369a6af2cab!8m2!3d-22.848447!4d-45.2261871!16s%2Fg%2F1tfwlgrl!19sChIJJTikspzEzJQRqyyvpmlDnE8?authuser=0&hl=pt-BR&rclk=1,scraper_gmaps|creche particular Aparecida - SP
a578cc963ec9bd0e,Miya Kids - Mundo Infantil,"Av. Antônio Samahá, 11 - Centro, Aparecida - SP, 12570-000, Brasil",-22.8393941,-45.2263389,+55 12 98842-9193,Mostrar horário de funcionamento da semana,miyakids.com.br,"5,0",50,Loja infantil,Aberto · Fecha 18:00,https://www.google.com/maps/place/Miya+Kids+-+Mundo+Infantil/data=!4m7!3m6!1s0x48c71b01e2e03b69:0xb16b996c7d116bd!8m2!3d-22.8393941!4d-45.2263389!16s%2Fg%2F11v3p0j1jk!19sChIJaTvg4gEbx0gRvRbRx5a5Fgs?authuser=0&hl=pt-BR&rclk=1,scraper_gmaps|creche particular Aparecida - SP
eea48dbda8794ff4,Creche Silvania Bombachi,"R. Nove de Julho, Aparecida - SP, 12570-000, Brasil",-22.8375095,-45.2243193,+55 12 3105-7559,,aparecida.sp.gov.br,,,Creche,Permanentemente fechado,https://www.google.com/maps/place/Creche+Silvania+Bombachi/data=!4m7!3m6!1s0x94ccfdc000000001:0x4d2fa6995932be87!8m2!3d-22.8375095!4d-45.2243193!16s%2Fg%2F11g6txpzg0!19sChIJAQAAAMD9zJQRh74yWZmmL00?authuser=0&hl=pt-BR&rclk=1,scraper_gmaps|creche particular Aparecida - SP
bafc6b822d148dba,Creche Maristela Jacob de Souza,"R. Vicente de Almeida, Aparecida - SP, 12570-000, Brasil",-22.8300381,-45.2193971,+55 12 3105-7778,,,"5,0",50,Creche,Temporariamente fechado,https://www.google.com/maps/place/Creche+Maristela+Jacob+de+Souza/data=!4m7!3m6!1s0x94ccc4841c9e2635:0xf521629f685c4daf!8m2!3d-22.8300381!4d-45.2193971!16s%2Fg%2F11c70b3hkm!19sChIJNSaeHITEzJQRr01caJ9iIfU?authuser=0&hl=pt-BR&rclk=1,scraper_gmaps|creche particular Aparecida - SP
8bb7367207bfba75,Parque das Gardênias,"R. Filippo, 10 - Vila Mariana, Aparecida - SP, 12570-000, Brasil",-22.8296352,-45.2159554,,,,"4,6",46,Complexo de condomínio,,https://www.google.com/maps/place/Parque+das+Gard%C3%AAnias/data=!4m7!3m6!1s0x94ccc595484e100f:0xb8a60084c885b9c5!8m2!3d-22.8296352!4d-45.2159554!16s%2Fg%2F11fpqhx_3x!19sChIJDxBOSJXFzJQRxbmFyIQAprg?authuser=0&hl=pt-BR&rclk=1,scraper_gmaps|condomínio residencial Aparecida - SP|condomínio Aparecida - SP
3bd7aa9e0866c5b9,Condomínio Gardenias,"10, BL Ap - Filipo - Vila Mariana, Aparecida - SP, 12570-000, Brasil",-22.8294098,-45.2156813,+55 12 99750-5515,Mostrar horário de funcionamento da semana,,"4,1",41,Complexo de condomínio,Aberto 24 horas,https://www.google.com/maps/place/Condom%C3%ADnio+Gardenias/data=!4m7!3m6!1s0x94ccc4860ab692c9:0x670dc0e4b4f06734!8m2!3d-22.8294098!4d-45.2156813!16s%2Fg%2F11c52l3925!19sChIJyZK2CobEzJQRNGfwtOTADWc?authuser=0&hl=pt-BR&rclk=1,scraper_gmaps|condomínio residencial Aparecida - SP|condomínio Aparecida - SP
b93315de6b01e06d,Ikone,"Tv. Emília Nunes, 26 - Ponte Alta, Aparecida - SP, 12575-074, Brasil",-22.8481085,-45.2374114,+55 12 2123-5700,,teixeirapinto.com,"5,0",50,Complexo de condomínio,,https://www.google.com/maps/place/Ikone/data=!4m7!3m6!1s0x94ccc30008ee7a93:0x79f54b4a4710784d!8m2!3d-22.8481085!4d-45.2374114!16s%2Fg%2F11pvbg0rd1!19sChIJk3ruCADDzJQRTXgQR0pL9Xk?authuser=0&hl=pt-BR&rclk=1,scraper_gmaps|condomínio residencial Aparecida - SP|condomínio Aparecida - SP
c56541c1abdc1b71,Edifício CENARIO,"R. Licurgo Santos, 39, Aparecida - SP, 12570-000, Brasil",-22.8404242,-45.2279359,+55 12 99789-7215,,teixeirapinto.com,"5,0",50,Apartamentos,,https://www.google.com/maps/place/Edif%C3%ADcio+CENARIO/data=!4m7!3m6!1s0x94ccc3002fa5d487:0xfba13775509148c5!8m2!3d-22.8404242!4d-45.2279359!16s%2Fg%2F11wh_gyzty!19sChIJh9SlLwDDzJQRxUiRUHU3ofs?authuser=0&hl=pt-BR&rclk=1,scraper_gmaps|condomínio residencial Aparecida - SP|condomínio Aparecida - SP
257e0c41cb578004,Condomínio César Parque Residencial,"R. Benedicto José Leite, 426 - Vila Nova Aparecida, Mogi das Cruzes - SP, 08830-320, Brasil",-23.515809,-46.1366477,,,,"4,4",44,Complexo de condomínio,,https://www.google.com/maps/place/Condom%C3%ADnio+C%C3%A9sar+Parque+Residencial/data=!4m7!3m6!1s0x94cdd988c6793a85:0xf8db29301be869d9!8m2!3d-23.515809!4d-46.1366477!16s%2Fg%2F11clgbmn_j!19sChIJhTp5xojZzZQR2WnoGzAp2_g?authuser=0&hl=pt-BR&rclk=1,scraper_gmaps|condomínio residencial Aparecida - SP
b6b713f8eb1e2db4,Palacete Imobiliária - Unid.02 - Aparecida-SP,"R. Ten A João P Barbosa Jr, nº4 - Jardim Paraiba, Aparecida - SP, 12570-000, Brasil",-22.8464758,-45.2384112,+55 12 3311-3387,Mostrar horário de funcionamento da semana,palaceteimobiliaria.com.br,"3,9",39,Imobiliária,Aberto · Fecha 18:00,https://www.google.com/maps/place/Palacete+Imobili%C3%A1ria+-+Unid.02+-+Aparecida-SP/data=!4m7!3m6!1s0x94ccc36bfe0218c7:0xe174bee44a210b39!8m2!3d-22.8464758!4d-45.2384112!16s%2Fg%2F11fx4z9qc5!19sChIJxxgC_mvDzJQROQshSuS-dOE?authuser=0&hl=pt-BR&rclk=1,scraper_gmaps|condomínio residencial Aparecida - SP
69784a75eee856b7,Edifício Augusto Filippo,"Av. Padroeira do Brasil, 1178, Aparecida - SP, 12570-000, Brasil",-22.8298759,-45.2138442,+55 12 3108-2534,,,"4,3",43,Complexo de condomínio,,https://www.google.com/maps/place/Edif%C3%ADcio+Augusto+Filippo/data=!4m7!3m6!1s0x94ccc484f72b9475:0x922c07ec46ff1aac!8m2!3d-22.8298759!4d-45.2138442!16s%2Fg%2F1pty55rl3!19sChIJdZQr94TEzJQRrBr_RuwHLJI?authuser=0&hl=pt-BR&rclk=1,scraper_gmaps|condomínio residencial Aparecida - SP|condomínio Aparecida - SP
69ca20e866b90521,Apartment complex,"Aparecida - SP, 12570-033, Brasil",-22.8468583,-45.2316505,,,,,,Complexo de condomínio,,https://www.google.com/maps/place/Apartment+complex/data=!4m7!3m6!1s0x94ccc3004f59d90f:0x9e701f9f8c043d8d!8m2!3d-22.8468583!4d-45.2316505!16s%2Fg%2F11ynym3khk!19sChIJD9lZTwDDzJQRjT0EjJ8fcJ4?authuser=0&hl=pt-BR&rclk=1,scraper_gmaps|condomínio Aparecida - SP
0021e31386941808,Casa dos Vieiras,"R. Cosme Damião, 75, Aparecida - SP, 12570-000, Brasil",-22.8477597,-45.2382438,+55 32 98480-4748,,,"4,5",45,Complexo de condomínio,,https://www.google.com/maps/place/Casa+dos+Vieiras/data=!4m7!3m6!1s0x94ccc36960f35241:0x1f3fe51e44396d59!8m2!3d-22.8477597!4d-45.2382438!16s%2Fg%2F11xc8c4ld!19sChIJQVLzYGnDzJQRWW05RB7lPx8?authuser=0&hl=pt-BR&rclk=1,scraper_gmaps|condomínio Aparecida - SP
a25858f2731c76f7,Escritório Contábil Nossa Senhora Aparecida,"Rua: Dr - R. Licurgo Santos, 63 - Centro, Aparecida - SP, 12570-077, Brasil",-22.8402331,-45.2281654,+55 12 3105-5110,Mostrar horário de funcionamento da semana,,"4,4",44,Escritório de contabilidade,Aberto · Fecha 17:00,https://www.google.com/maps/place/Escrit%C3%B3rio+Cont%C3%A1bil+Nossa+Senhora+Aparecida/data=!4m7!3m6!1s0x94ccc3637b00bfc5:0xcb76d99ec0315365!8m2!3d-22.8402331!4d-45.2281654!16s%2Fg%2F11cjk5py43!19sChIJxb8Ae2PDzJQRZVMxwJ7Zdss?authuser=0&hl=pt-BR&rclk=1,scraper_gmaps|administradora de condomínios Aparecida - SP
27ae799088b9056d,Sistema Serviços Contábeis,"Praça Padre Vitor Coelho de Almeida, 174 - Jardim São Paulo, Aparecida - SP, 12570-108, Brasil",-22.8388128,-45.2246939,+55 12 3105-3440,Mostrar horário de funcionamento da semana,,"5,0",50,Escritório de contabilidade,Aberto · Fecha 18:00,https://www.google.com/maps/place/Sistema+Servi%C3%A7os+Cont%C3%A1beis/data=!4m7!3m6!1s0x94ccc35dab7b7e39:0x3bf7b0134aeab166!8m2!3d-22.8388128!4d-45.2246939!16s%2Fg%2F1w0j0qdl!19sChIJOX57q13DzJQRZrHqShOw9zs?authuser=0&hl=pt-BR&rclk=1,scraper_gmaps|administradora de condomínios Aparecida - SP
8c5d96ca7d88f3bf,Serviço Autônomo de Água e Esgotos e Resíduos Sólidos de Aparecida - (SAAE),"R. José Luís de Brito, 66 - Ermelino Matarazzo, Aparecida - SP, 03823-120, Brasil",-22.8458862,-45.2352752,+55 12 3105-1530,Mostrar horário de funcionamento da semana,saaeaparecida.sp.gov.br,"3,5",35,Prefeitura,Aberto · Fecha 17:00,https://www.google.com/maps/place/Servi%C3%A7o+Aut%C3%B4nomo+de+%C3%81gua+e+Esgotos+e+Res%C3%ADduos+S%C3%B3lidos+de+Aparecida+-+%28SAAE%29/data=!4m7!3m6!1s0x94ccc368c191edcf:0x773d521b81d4c36f!8m2!3d-22.8458862!4d-45.2352752!16s%2Fg%2F1w0h8mkt!19sChIJz-2RwWjDzJQRb8PUgRtSPXc?authuser=0&hl=pt-BR&rclk=1,scraper_gmaps|administradora de condomínios Aparecida - SP
15aac0cf34dd3ba5,Mercado Ponte Alta,"R. Laurindo de Castro, 86 - Ponte Alta, Aparecida - SP, 12575-002, Brasil",-22.8402889,-45.2308078,+55 12 3105-7242,Mostrar horário de funcionamento da semana,,"4,1",41,Mercado,Aberto · Fecha 21:00,https://www.google.com/maps/place/Mercado+Ponte+Alta/data=!4m7!3m6!1s0x94ccc36520099f13:0x4d7aa417c421c5a1!8m2!3d-22.8402889!4d-45.2308078!16s%2Fg%2F1ydkj4kqc!19sChIJE58JIGXDzJQRocUhxBekek0?authuser=0&hl=pt-BR&rclk=1,scraper_gmaps|administradora de condomínios Aparecida - SP
fdf7f3b7ebb36218,Associação de Moradores do Núcleo Residencial Nossa Senhora Aparecida,"R. Alcides Campanholi, 07 - Jardim Aeronave de Viracopos, Campinas - SP, 13056-131, Brasil",-22.9868803,-47.1333193,,,,"4,4",44,Associação / organização,,https://www.google.com/maps/place/Associa%C3%A7%C3%A3o+de+Moradores+do+N%C3%BAcleo+Residencial+Nossa+Senhora+Aparecida/data=!4m7!3m6!1s0x94c8c9fe831fb577:0x43459363f8d3cc1c!8m2!3d-22.9868803!4d-47.1333193!16s%2Fg%2F11bbrj_w9k!19sChIJd7Ufg_7JyJQRHMzT-GOTRUM?authuser=0&hl=pt-BR&rclk=1,scraper_gmaps|associação de moradores Aparecida - SP
808d1f2f5b23fa8a,CAMAP - Conselho das Associações de Moradores de Aparecida de Goiânia,"R. Dr. Adail Viana Santana, 75 - St. Serra Dourada - 1ª Etapa, Aparecida de Goiânia - GO, 74973-230, Brasil",-16.8231509,-49.2543487,+55 62 3545-4803,Mostrar horário de funcionamento da semana,facebook.com,"4,2",42,Associação / organização,Aberto · Fecha 17:30,https://www.google.com/maps/place/CAMAP+-+Conselho+das+Associa%C3%A7%C3%B5es+de+Moradores+de+Aparecida+de+Goi%C3%A2nia/data=!4m7!3m6!1s0x935efb88a3a387b1:0x31ccf1234c424af!8m2!3d-16.8231509!4d-49.2543487!16s%2Fg%2F11f3x6bp6d!19sChIJsYejo4j7XpMRryTENBLPHAM?authuser=0&hl=pt-BR&rclk=1,scraper_gmaps|associação de moradores Aparecida - SP
609e9718cce043a1,Associação dos Moradores Oeste de Diadema,"R. Doná Maria Aparecida dos Santos, 50 - Conceição, Diadema - SP, 09993-270, Brasil",-23.7044305,-46.62048,+55 11 4051-3347,,,"4,3",43,Armazém,,https://www.google.com/maps/place/Associa%C3%A7%C3%A3o+dos+Moradores+Oeste+de+Diadema/data=!4m7!3m6!1s0x94ce445ac336cf0d:0x32c587965f6ba457!8m2!3d-23.7044305!4d-46.62048!16s%2Fg%2F11b6msn6h_!19sChIJDc82w1pEzpQRV6RrX5aHxTI?authuser=0&hl=pt-BR&rclk=1,scraper_gmaps|associação de moradores Aparecida - SP
